customer_id,name,email,phone
1,Ayesha Hashmi,ayesha.hashmi1@example.com,0387166651
2,Hussain Javed,hussain.javed2@example.com,0344794319
3,Kashif Butt,kashif.butt3@example.com,0381440466
4,Sadia Abbasi,sadia.abbasi4@example.com,0341485753
5,Usman Raza,usman.raza5@example.com,0346701311
6,Ayesha Khan,ayesha.khan6@example.com,0323403361
7,Nida Baig,nida.baig7@example.com,0362167449
8,Bilal Farooq,bilal.farooq8@example.com,0302539438
9,Waqas Qureshi,waqas.qureshi9@example.com,0337311494
10,Zainab Chaudhry,zainab.chaudhry10@example.com,0353640889
11,Ayesha Raza,ayesha.raza11@example.com,0352425342
12,Talha Khan,talha.khan12@example.com,0323640899
13,Imran Siddiqui,imran.siddiqui13@example.com,0302368710
14,Fahad Chaudhry,fahad.chaudhry14@example.com,0369148051
15,Sadia Chaudhry,sadia.chaudhry15@example.com,0365582979
16,Omar Javed,omar.javed16@example.com,0382909540
17,Ayesha Butt,ayesha.butt17@example.com,0315752087
18,Kiran Baig,kiran.baig18@example.com,0399164342
19,Areeba Baig,areeba.baig19@example.com,0341761976
20,Zain Butt,zain.butt20@example.com,0391919088
21,Ali Ahmed,ali.ahmed21@example.com,0344543918
22,Imran Sheikh,imran.sheikh22@example.com,0345856117
23,Sara Malik,sara.malik23@example.com,0309344741
24,Waqas Butt,waqas.butt24@example.com,0323167376
25,Fatima Qureshi,fatima.qureshi25@example.com,0339393009
26,Komal Hashmi,komal.hashmi26@example.com,0352209226
27,Fatima Hashmi,fatima.hashmi27@example.com,0308318550
28,Ali Chaudhry,ali.chaudhry28@example.com,0316252285
29,Nida Butt,nida.butt29@example.com,0397785090
30,Adeel Baig,adeel.baig30@example.com,0365857259
31,Hussain Butt,hussain.butt31@example.com,0306448705
32,Usman Javed,usman.javed32@example.com,0398719145
33,Naveed Farooq,naveed.farooq33@example.com,0352478574
34,Zainab Hashmi,zainab.hashmi34@example.com,0315082173
35,Zainab Siddiqui,zainab.siddiqui35@example.com,0369790632
36,Hassan Butt,hassan.butt36@example.com,0346696087
37,Zain Iqbal,zain.iqbal37@example.com,0322281433
38,Areeba Baig,areeba.baig38@example.com,0319902071
39,Areeba Ahmed,areeba.ahmed39@example.com,0356890476
40,Waqas Hashmi,waqas.hashmi40@example.com,0324963933
41,Hussain Sheikh,hussain.sheikh41@example.com,0344309671
42,Usman Siddiqui,usman.siddiqui42@example.com,0322264218
43,Usman Javed,usman.javed43@example.com,0378783840
44,Imran Siddiqui,imran.siddiqui44@example.com,0398531380
45,Kiran Abbasi,kiran.abbasi45@example.com,0396422534
46,Saad Baig,saad.baig46@example.com,0353532644
47,Hira Malik,hira.malik47@example.com,0378419020
48,Bushra Raza,bushra.raza48@example.com,0341942411
49,Ayesha Qureshi,ayesha.qureshi49@example.com,0316207779
50,Hira Chaudhry,hira.chaudhry50@example.com,0301954456
51,Ayesha Hashmi,ayesha.hashmi51@example.com,0342287332
52,Bushra Hashmi,bushra.hashmi52@example.com,0319507186
53,Fatima Chaudhry,fatima.chaudhry53@example.com,0391688246
54,Hira Abbasi,hira.abbasi54@example.com,0394158134
55,Sara Siddiqui,sara.siddiqui55@example.com,0379411547
56,Bilal Khan,bilal.khan56@example.com,0372736473
57,Kashif Abbasi,kashif.abbasi57@example.com,0352414808
58,Areeba Baig,areeba.baig58@example.com,0321656695
59,Zain Farooq,zain.farooq59@example.com,0378372274
60,Areeba Qureshi,areeba.qureshi60@example.com,0393663319
61,Ayesha Iqbal,ayesha.iqbal61@example.com,0347499771
62,Zainab Javed,zainab.javed62@example.com,0351878547
63,Kashif Baig,kashif.baig63@example.com,0352105817
64,Sara Malik,sara.malik64@example.com,0387485471
65,Danish Raza,danish.raza65@example.com,0393522845
66,Sara Malik,sara.malik66@example.com,0393372774
67,Hamza Iqbal,hamza.iqbal67@example.com,0347575963
68,Bilal Siddiqui,bilal.siddiqui68@example.com,0316193922
69,Komal Butt,komal.butt69@example.com,0353144023
70,Kiran Farooq,kiran.farooq70@example.com,0382567880
71,Bushra Baig,bushra.baig71@example.com,0369531021
72,Ayesha Khan,ayesha.khan72@example.com,0356181912
73,Usman Ahmed,usman.ahmed73@example.com,0359158272
74,Omar Ahmed,omar.ahmed74@example.com,0323599548
75,Hassan Raza,hassan.raza75@example.com,0319517619
76,Imran Qureshi,imran.qureshi76@example.com,0381633297
77,Kiran Iqbal,kiran.iqbal77@example.com,0393198638
78,Sadia Butt,sadia.butt78@example.com,0323722056
79,Usman Hashmi,usman.hashmi79@example.com,0393777286
80,Waqas Chaudhry,waqas.chaudhry80@example.com,0307893063
81,Ayesha Baig,ayesha.baig81@example.com,0338452417
82,Sadia Raza,sadia.raza82@example.com,0374925917
83,Komal Ahmed,komal.ahmed83@example.com,0348868776
84,Talha Hashmi,talha.hashmi84@example.com,0337171347
85,Kiran Siddiqui,kiran.siddiqui85@example.com,0378745704
86,Imran Raza,imran.raza86@example.com,0369437374
87,Areeba Butt,areeba.butt87@example.com,0324350371
88,Kashif Siddiqui,kashif.siddiqui88@example.com,0325194357
89,Ahmed Baig,ahmed.baig89@example.com,0377227905
90,Komal Abbasi,komal.abbasi90@example.com,0319655523
91,Saad Malik,saad.malik91@example.com,0342407191
92,Imran Sheikh,imran.sheikh92@example.com,0348538325
93,Talha Qureshi,talha.qureshi93@example.com,0328339571
94,Hassan Abbasi,hassan.abbasi94@example.com,0338568671
95,Talha Iqbal,talha.iqbal95@example.com,0307960815
96,Ahmed Butt,ahmed.butt96@example.com,0387274032
97,Zain Butt,zain.butt97@example.com,0317289990
98,Zain Khan,zain.khan98@example.com,0352662338
99,Naveed Farooq,naveed.farooq99@example.com,0353450300
100,Bilal Khan,bilal.khan100@example.com,0348926478
101,Adeel Hashmi,adeel.hashmi101@example.com,0328870361
102,Hira Siddiqui,hira.siddiqui102@example.com,0302329187
103,Ali Raza,ali.raza103@example.com,0333508522
104,Komal Farooq,komal.farooq104@example.com,0399854536
105,Zainab Malik,zainab.malik105@example.com,0344986941
106,Danish Malik,danish.malik106@example.com,0305000351
107,Zainab Baig,zainab.baig107@example.com,0398669093
108,Hassan Malik,hassan.malik108@example.com,0379993490
109,Ali Baig,ali.baig109@example.com,0385059048
110,Adeel Sheikh,adeel.sheikh110@example.com,0348201433
111,Ali Siddiqui,ali.siddiqui111@example.com,0355035998
112,Nida Butt,nida.butt112@example.com,0322436363
113,Areeba Iqbal,areeba.iqbal113@example.com,0319825812
114,Komal Qureshi,komal.qureshi114@example.com,0381341153
115,Fatima Hashmi,fatima.hashmi115@example.com,0371730386
116,Bushra Butt,bushra.butt116@example.com,0355255545
117,Waqas Khan,waqas.khan117@example.com,0352133461
118,Ayesha Ahmed,ayesha.ahmed118@example.com,0316578736
119,Bilal Khan,bilal.khan119@example.com,0356679880
120,Naveed Baig,naveed.baig120@example.com,0328795078
121,Adeel Chaudhry,adeel.chaudhry121@example.com,0323262450
122,Hassan Farooq,hassan.farooq122@example.com,0371620485
123,Danish Ahmed,danish.ahmed123@example.com,0304346548
124,Talha Khan,talha.khan124@example.com,0356202210
125,Areeba Butt,areeba.butt125@example.com,0388942330
126,Fahad Khan,fahad.khan126@example.com,0335800144
127,Ayesha Hashmi,ayesha.hashmi127@example.com,0306568772
128,Fahad Malik,fahad.malik128@example.com,0358330827
129,Talha Butt,talha.butt129@example.com,0377486822
130,Sara Sheikh,sara.sheikh130@example.com,0379347057
131,Ayesha Abbasi,ayesha.abbasi131@example.com,0385474830
132,Kashif Malik,kashif.malik132@example.com,0362324175
133,Zainab Siddiqui,zainab.siddiqui133@example.com,0325928582
134,Sara Malik,sara.malik134@example.com,0316501583
135,Kiran Raza,kiran.raza135@example.com,0348481225
136,Sadia Farooq,sadia.farooq136@example.com,0363795835
137,Adeel Chaudhry,adeel.chaudhry137@example.com,0358501590
138,Ahmed Farooq,ahmed.farooq138@example.com,0358297090
139,Fahad Baig,fahad.baig139@example.com,0302258981
140,Kiran Baig,kiran.baig140@example.com,0367095349
141,Areeba Javed,areeba.javed141@example.com,0321522452
142,Bilal Hashmi,bilal.hashmi142@example.com,0398351320
143,Ahmed Sheikh,ahmed.sheikh143@example.com,0314959345
144,Imran Baig,imran.baig144@example.com,0357075878
145,Fatima Siddiqui,fatima.siddiqui145@example.com,0303574265
146,Kiran Chaudhry,kiran.chaudhry146@example.com,0357241348
147,Hira Javed,hira.javed147@example.com,0313310140
148,Areeba Iqbal,areeba.iqbal148@example.com,0366274512
149,Bushra Raza,bushra.raza149@example.com,0332903351
150,Ali Farooq,ali.farooq150@example.com,0329372568
